10022,F,F
10025,F,F
10037,F,F
1004,F,F
10046,F,F
10054,F,F
10056,F,F
10065,F,F
10070,F,F
10091,F,F
10103,F,F
10132,T,T
10153,F,F
10161,F,F
10163,T,T
10183,T,T
10184,T,T
10188,F,F
10194,F,F
10195,F,F
10197,T,T
10199,F,F
10202,F,F
10211,F,F
10214,F,F
10226,F,F
10232,F,F
10236,F,F
10243,F,F
10247,F,F
10248,T,T
10264,T,T
10271,F,F
10278,F,F
10281,T,T
10287,F,F
10291,F,F
10304,F,F
10306,F,F
10307,F,F
10314,T,T
10315,F,F
10325,F,F
10334,F,F
10340,T,T
10351,F,F
10362,F,F
10364,F,F
10383,F,F
10384,F,F
10393,T,T
10394,T,T
1040,F,F
10416,F,F
10422,F,F
10436,F,F
10448,F,F
10458,F,F
10463,F,F
10470,F,F
10471,T,T
10472,F,F
10476,F,F
10477,F,F
10486,F,F
1050,T,T
10520,F,F
10533,F,F
10565,F,F
10576,T,T
1058,F,F
1060,T,T
10608,F,F
10615,F,F
10623,T,T
10626,T,T
10635,F,F
10639,F,F
10646,F,F
10658,F,F
10667,F,F
10683,F,F
10686,F,F
10707,F,F
10712,F,F
10715,F,F
10716,F,F
10718,F,F
10720,T,T
10738,F,F
10739,F,F
10746,F,F
10754,F,F
10767,F,F
10769,F,F
10794,T,T
10829,F,F
10844,F,F
10851,F,F
10873,T,T
10884,T,T
10892,T,T
10926,F,F
10931,F,F
10936,F,F
10941,F,F
10951,F,F
10960,T,T
10961,F,F
10969,F,F
10983,T,T
10985,F,F
10986,T,T
10988,F,F
10991,F,F
10995,F,F
10996,F,F
10999,F,F
11006,F,F
11013,F,F
11016,F,F
11025,T,T
11033,T,T
11040,F,F
11042,F,F
11046,F,F
11048,F,F
1105,F,F
11051,F,F
11057,F,F
11071,F,F
11075,T,T
11086,F,F
11093,F,F
11098,T,T
11099,T,T
11100,T,T
11105,T,T
11109,F,F
11118,F,F
11123,F,F
11126,F,F
11129,T,T
11139,F,F
11143,F,F
11152,F,F
11163,F,F
11167,T,T
11170,T,T
11177,F,F
11183,F,F
11185,F,F
11186,F,F
11193,F,F
11194,T,T
11195,T,T
11197,F,F
112,F,F
11203,T,T
11218,T,T
11219,F,F
11225,F,F
11229,T,T
11233,F,F
11241,F,F
11243,F,F
11257,F,F
11260,T,T
11262,F,F
11274,F,F
11276,F,F
11279,T,T
11281,F,F
11291,T,T
11292,T,T
11293,T,T
11301,T,T
11304,F,F
11305,T,T
11325,F,F
11330,F,F
11339,T,T
11340,F,F
11346,F,F
11362,T,T
11380,T,T
11393,F,F
11394,F,F
11396,F,F
114,F,F
11405,F,F
11432,F,F
11434,F,F
11448,F,F
11462,F,F
11467,F,F
11469,F,F
1147,F,F
1149,F,F
11493,F,F
11495,F,F
11510,F,F
11531,F,F
11548,F,F
11554,F,F
11556,T,T
11592,T,T
11610,F,F
11619,F,F
11622,T,T
11626,F,F
11627,F,F
11631,T,T
11641,F,F
11655,F,F
11680,T,T
11683,F,F
11688,F,F
11690,F,F
11699,T,T
11715,F,F
11721,T,T
11723,F,F
11729,F,F
11731,F,F
11743,T,T
11747,F,F
11750,F,F
11757,F,F
11758,F,F
1176,F,F
11766,F,F
11784,T,T
11787,F,F
11797,T,T
11803,F,F
11810,F,F
11819,F,F
11824,F,F
11827,F,F
11830,F,F
11836,F,F
11840,F,F
11843,F,F
11845,F,F
11846,T,T
11848,T,T
11864,F,F
11869,T,T
11874,F,F
1188,F,F
11884,F,F
11903,F,F
11907,F,F
1193,F,F
11933,F,F
11947,F,F
11954,F,F
12008,F,F
12042,F,F
12043,T,T
12051,F,F
12055,T,T
1206,T,F
12060,F,F
12075,T,T
12090,F,F
12099,F,F
12118,T,T
12133,F,F
12149,F,F
12150,T,T
12178,F,F
1218,F,F
12217,F,F
12219,F,F
12241,T,T
12264,T,T
12268,F,F
12280,F,F
12291,F,F
123,F,F
12301,F,F
12318,F,F
12329,F,F
12340,F,F
12341,F,F
12347,F,F
12350,F,F
12351,F,F
12353,T,T
12362,F,F
12381,F,F
12391,F,F
12395,T,T
12396,T,T
1240,F,F
12402,F,F
12404,T,T
12405,T,T
12423,F,F
12432,F,F
12455,T,T
12461,F,F
12463,F,F
12464,F,F
12490,F,F
12504,F,F
12512,F,F
12518,F,F
12522,F,F
12525,F,F
12527,F,F
12561,F,F
12601,F,F
1261,T,T
12649,F,F
1265,F,F
12659,T,T
12664,F,F
12670,F,F
12672,F,F
12716,T,T
12730,T,T
12731,T,T
12743,T,T
12746,F,F
12755,F,F
12765,F,F
12792,F,F
1280,F,F
12802,F,F
12857,F,F
12868,F,F
12880,F,F
12888,F,F
12889,F,F
1289,F,F
12891,F,F
129,F,F
12900,F,F
12908,F,F
12910,F,F
12933,T,T
12936,F,F
12988,F,F
12989,T,T
12990,T,T
12995,T,T
12997,T,T
13001,F,F
13005,F,F
13026,F,F
13040,F,F
13045,F,F
13049,F,F
13059,F,F
13064,F,F
13070,F,F
13071,F,F
13075,T,T
13078,F,F
13082,F,F
13085,F,F
13093,F,F
13097,F,F
13099,F,F
131,F,F
13104,F,F
1311,F,F
13110,F,F
13114,F,F
13118,F,F
13119,F,F
13125,T,T
13135,F,T
13138,T,T
13140,F,F
13149,F,F
13151,T,T
13163,F,F
13165,F,F
13170,F,F
13173,T,T
13175,F,F
13178,F,F
13195,F,F
13198,T,T
13199,F,F
13200,T,T
13202,F,F
13208,F,F
13209,F,F
13212,F,F
13225,T,T
13235,F,F
13240,F,F
13245,F,F
13253,T,T
13283,T,T
13284,F,F
13309,T,T
1331,F,F
13310,F,F
13323,T,T
13324,F,F
13325,F,F
13328,T,F
13336,F,F
13337,F,F
13339,F,F
13360,T,T
13361,F,F
13375,F,F
13381,F,F
13385,F,F
13393,F,F
13396,F,F
13398,F,F
13402,T,T
13406,T,T
13408,F,F
13409,F,F
13413,F,F
13419,F,F
1342,F,F
13425,F,F
13432,T,T
13443,F,F
13447,F,F
13451,F,F
13456,F,F
13457,F,F
13459,F,F
13463,T,T
13466,T,T
13468,T,T
13469,F,F
13473,T,T
13491,F,F
13492,F,F
13495,T,T
13499,T,T
13507,T,T
13508,F,F
13521,T,T
13531,T,T
13540,T,T
13541,T,T
13561,T,T
13568,F,F
13570,F,F
13574,T,T
13578,T,T
13579,T,T
13589,F,F
13594,F,F
136,F,F
13600,F,F
13612,F,F
13615,F,F
13640,F,F
13649,F,F
13653,F,F
13654,F,F
13683,F,F
13712,F,F
1372,T,T
1373,T,T
13733,F,F
13801,F,F
1382,F,F
13833,F,F
13853,T,T
13873,F,F
13874,F,F
13880,F,F
13885,F,F
13886,F,F
13889,F,F
139,F,F
1390,F,F
13903,F,F
13915,F,F
13918,F,F
13922,F,F
13923,T,T
13933,F,F
13935,T,T
13937,F,F
13938,F,F
13939,F,F
13945,F,F
13947,F,F
13948,F,F
13951,F,F
13952,F,F
13955,F,F
13958,F,F
1396,F,F
13960,F,F
13969,F,F
13970,T,T
13978,F,F
13982,F,F
13990,T,T
13991,F,F
13992,F,F
14000,F,F
14001,F,F
14002,F,F
14005,F,F
14017,F,F
14029,F,F
1403,F,F
14030,F,F
14033,T,T
14049,F,F
14050,T,T
14053,T,T
14054,T,T
14057,F,F
14062,F,F
14065,T,T
14068,F,F
14069,T,T
14072,F,F
14074,F,F
14075,F,F
14077,F,F
14085,T,T
14089,F,F
14092,F,F
14098,F,F
14099,F,F
14107,T,T
14108,F,F
14118,F,F
14119,F,F
14124,F,F
14125,F,F
14129,F,F
14130,F,F
14131,F,F
14133,F,F
14145,F,F
14147,T,T
14156,F,F
14157,F,F
14160,F,F
14180,F,F
14182,F,F
14189,T,T
14190,T,F
14194,F,F
14196,F,F
14200,F,F
14203,F,F
14208,F,F
14221,F,F
14223,F,F
14226,F,F
14231,F,F
14236,F,F
14251,T,T
14252,F,F
14259,F,F
14261,F,F
14264,F,F
14268,F,F
14279,F,F
14281,F,F
14283,F,F
14284,F,F
143,F,F
1430,F,F
14306,F,F
14309,F,F
14321,F,F
14327,F,F
14329,F,F
14331,F,F
14336,F,F
14337,F,F
1434,F,F
14340,F,F
14341,F,F
14359,F,F
14380,F,F
14381,F,F
14392,F,F
14395,F,F
14397,F,F
14402,F,F
14403,F,F
14404,F,F
14416,F,F
14421,F,F
14422,F,F
14424,F,F
14433,F,F
14444,F,F
14452,F,F
14453,F,F
14454,F,F
14463,F,F
14479,F,F
14509,T,T
14513,F,F
14516,F,F
14530,T,T
14531,T,T
14536,F,F
14537,F,F
14547,F,F
14548,F,F
14560,F,F
14561,F,F
14566,F,F
14576,F,F
14578,T,T
14580,T,T
14597,F,F
146,F,F
14615,F,F
14617,F,F
14619,F,F
1462,F,F
14625,F,F
14626,F,F
14627,F,F
14629,T,T
14630,F,F
14633,T,T
14636,F,F
14637,F,F
14639,T,T
14645,T,T
14655,F,F
14657,F,F
14668,F,F
14676,F,F
14677,F,F
14678,T,T
14680,F,F
14699,F,F
14702,F,F
14707,F,F
14718,F,F
14722,F,F
14723,F,F
14730,T,T
14746,F,F
14748,F,F
1476,F,F
14774,F,F
14782,F,F
1480,F,F
14809,F,F
14828,F,F
14834,F,F
14837,T,T
14844,F,F
14845,F,F
14850,F,F
14863,F,F
14870,F,F
14872,F,F
14878,T,T
14907,T,F
14914,T,T
14917,F,F
14941,F,F
15003,F,F
15054,F,F
15069,F,F
1508,F,F
15083,F,F
15093,F,F
15094,F,F
15095,F,F
151,F,F
15100,F,F
15108,F,F
15110,T,T
15114,F,F
15117,F,F
15132,F,F
15135,F,F
15146,F,F
1515,F,F
15150,F,F
15156,F,F
1519,F,F
15190,F,F
15191,F,F
15192,F,F
15195,F,F
15197,F,F
15198,F,F
15201,F,F
15202,T,T
15203,F,F
15220,F,F
15221,F,F
15227,T,T
1524,F,F
15240,T,T
15253,T,T
15254,F,F
15271,F,F
15279,F,F
15283,F,F
15298,F,F
15301,F,F
15303,F,F
15308,T,T
15314,F,F
15320,T,T
15330,F,F
15335,F,F
15336,F,F
1535,F,F
15355,F,F
15367,F,F
15381,T,T
15382,F,F
15389,F,F
15397,F,F
15404,F,F
15405,F,F
15407,F,F
15410,F,F
15411,T,T
15413,F,F
15416,F,F
15435,F,F
15440,F,F
15441,F,F
15443,F,F
15448,F,F
15449,F,F
1545,T,T
15452,F,F
15453,T,T
15455,F,F
15462,F,F
1547,F,F
15477,F,F
15479,F,F
15485,F,F
15486,F,F
1549,F,F
15490,F,F
15491,F,F
15493,F,F
15495,F,F
15505,F,F
15510,F,F
15517,F,F
1552,F,F
15539,F,F
15540,F,F
15546,F,F
1555,F,F
15558,F,F
15559,F,F
15565,T,T
15567,F,F
15570,F,F
15573,T,T
15574,F,F
15577,F,F
15580,F,F
15588,F,F
1559,F,F
15597,F,F
15598,T,T
1560,F,F
15603,F,F
15609,T,T
15610,F,F
15612,F,F
15617,F,F
15624,F,F
15625,F,F
15634,F,F
15639,F,F
15644,F,F
15645,F,F
15646,F,F
15657,F,F
15659,F,F
15661,T,T
15675,F,F
15685,T,T
15686,F,F
15688,F,F
157,F,F
15702,F,F
15703,F,F
15708,F,F
15711,F,F
1572,T,T
15727,F,F
15732,T,T
15739,F,F
15740,F,F
15748,F,F
15749,F,F
15760,F,F
15762,F,F
15782,F,F
15816,F,F
15823,F,F
15832,F,F
15835,F,F
15846,F,F
1585,F,F
15854,F,F
15868,F,F
15874,F,F
15887,T,T
15894,F,F
15896,T,T
15900,T,T
15907,F,F
15921,F,F
15929,F,F
15931,F,F
15941,F,F
15956,F,F
15965,F,F
15978,F,F
15984,F,F
15990,T,T
15991,F,F
15999,F,F
1600,F,F
16009,T,T
16018,F,F
16027,F,F
16036,F,F
16037,F,F
16038,F,F
16044,F,F
16045,F,F
16046,F,F
16053,F,F
16054,F,F
16063,F,F
16068,T,T
16070,F,F
16094,F,F
16106,F,F
16107,F,F
16115,F,F
16128,F,F
16129,F,F
16133,F,F
16140,F,F
16144,T,T
16145,T,T
16159,F,F
16163,F,F
16166,F,F
16180,F,F
16182,T,T
16184,F,F
16204,T,T
16207,T,T
16210,F,F
16213,T,T
16223,F,F
16226,F,F
16237,F,F
16239,F,F
1624,T,T
16245,F,F
16266,F,F
16267,T,T
16269,T,T
1627,F,F
16288,T,T
16291,T,T
16294,F,F
16295,F,F
16304,T,T
16305,T,T
16311,F,F
16319,F,F
16321,T,T
16331,F,F
16332,T,T
16337,F,F
16342,F,F
16343,F,F
16349,F,F
16351,F,F
16361,F,F
16373,T,T
1638,T,T
16386,F,F
16390,F,F
16404,F,F
16415,F,F
16417,F,F
1642,T,T
16420,T,T
16423,F,F
1643,T,T
16461,F,F
16463,F,F
16468,T,T
16470,F,F
1648,T,T
16490,F,F
16542,F,F
16546,F,F
16551,F,F
16554,F,F
16564,T,T
1657,T,T
16581,T,T
16586,F,F
16591,F,F
16597,F,F
16599,F,F
16606,F,F
16613,F,F
16618,F,F
16620,T,T
16622,F,F
16638,F,F
16639,F,F
16647,F,F
16657,T,T
16670,F,F
16675,F,F
16680,F,F
16687,F,F
16695,F,F
16696,F,F
16729,F,F
16730,F,F
16731,F,F
16747,F,F
16774,F,F
16776,T,T
16779,F,F
16813,F,F
16830,F,F
16832,F,F
16839,T,T
16841,F,F
16847,F,F
16848,F,F
16849,F,F
16865,F,F
16869,F,F
16872,F,F
16878,F,F
16887,F,F
1689,F,F
16891,F,F
16894,F,F
16896,T,T
16897,F,F
16900,T,T
16903,F,F
16906,T,T
16925,F,F
16944,F,F
16945,F,F
16952,F,F
16968,T,T
16974,F,F
16978,F,F
1699,T,T
16990,F,F
16993,F,F
17000,F,F
17007,F,F
17010,F,F
17013,F,F
17014,F,F
17035,F,F
17037,F,F
17042,F,F
17044,F,F
17045,F,F
17046,F,F
17047,T,T
17059,F,F
17083,F,F
17090,F,F
1710,T,T
17116,F,F
17118,F,F
17126,T,F
17141,T,T
17147,F,F
17150,F,F
17156,F,F
17166,F,F
17171,F,F
17173,F,F
17174,F,F
17175,T,T
17178,F,F
17179,F,F
17192,F,F
17195,F,F
17198,T,T
172,F,F
1720,F,F
17206,F,F
17208,F,F
17209,F,F
17216,T,T
17219,T,T
17223,F,F
17224,F,F
17232,F,F
17259,T,T
17262,F,F
17274,F,F
17275,F,F
17277,F,F
17279,F,F
17284,F,F
17294,F,F
173,F,F
17303,F,F
17308,F,F
17315,T,T
17357,F,F
17360,T,T
17362,F,F
17366,F,F
17373,F,F
17374,F,F
17382,T,T
1739,T,T
17400,F,F
17409,F,F
17420,F,F
17457,F,F
17465,F,F
1747,F,F
17477,F,F
17482,F,F
17494,F,F
17503,F,F
17504,T,T
17508,F,F
17511,F,F
17514,T,F
17528,F,F
17532,F,F
17539,T,T
17541,T,T
17548,F,F
17565,F,F
17567,F,F
17575,F,F
17590,F,F
17603,F,F
17605,F,F
17615,F,F
17630,F,F
17636,F,F
17639,F,F
17641,F,F
17675,T,T
17717,F,F
17726,F,F
17741,T,T
17743,F,F
17754,F,F
17755,F,F
17769,T,T
17781,F,F
17784,F,F
17794,F,F
17803,F,F
17808,F,F
17810,F,F
17829,F,F
17830,T,T
17835,F,F
17838,F,F
17847,F,F
17850,F,F
17863,F,T
17883,F,F
17885,T,T
17887,F,F
17903,T,T
17914,F,F
17923,T,T
17929,T,T
17943,F,F
17958,F,F
17961,F,F
17963,F,F
17979,F,F
17989,F,F
17992,F,F
17995,F,F
180,F,F
18000,F,F
18006,F,F
18012,F,F
18021,F,F
18029,F,F
1806,F,F
18099,F,F
18169,F,F
18251,F,F
18261,F,F
18262,T,T
18268,T,T
18274,T,T
18276,F,F
18280,F,F
18282,F,F
18295,F,F
18299,F,F
18332,F,F
18342,F,F
18344,F,F
18350,F,F
18353,F,F
18357,F,F
18358,F,F
18361,F,F
18371,F,F
18374,F,F
18375,F,F
18379,F,F
18386,T,T
18387,T,T
18395,F,F
18397,T,F
18399,T,T
1840,T,T
18427,F,F
18428,F,F
1843,T,T
18437,T,T
18447,T,T
18448,T,T
18452,T,T
18455,F,F
18467,T,T
18500,F,F
18508,T,T
18563,F,F
18568,F,F
18580,T,T
18585,T,T
18606,F,F
18608,F,F
18638,F,F
18641,F,F
18645,T,T
18661,F,F
18685,F,F
18690,F,F
187,F,F
18700,F,F
18704,F,F
1872,T,T
18730,F,F
18742,F,F
1876,T,T
18762,F,F
18782,F,F
18786,F,F
18799,F,F
18802,F,F
18821,F,F
18829,F,F
18830,F,F
18842,F,F
18855,F,T
18857,F,F
18861,F,F
18863,F,F
18895,T,T
18905,T,T
18911,F,F
18928,F,F
18930,F,F
18934,F,F
18935,F,F
18939,F,F
18963,F,F
18971,F,F
18987,F,F
18992,F,F
18997,F,F
1903,F,F
19030,F,F
19039,F,F
19040,T,T
19042,F,F
19044,F,F
19045,F,F
19056,F,F
19062,T,T
19069,F,F
19088,F,F
19091,F,F
19095,F,F
19099,F,F
19102,F,F
19122,F,F
19127,T,T
19129,F,F
19133,F,F
19141,T,T
19144,F,F
19146,F,F
19161,F,F
19175,F,F
19181,F,F
19185,F,F
19190,T,T
19208,F,F
19217,F,F
19227,T,T
19241,F,F
19254,F,F
19269,F,F
19274,F,F
19294,F,F
19298,F,F
19303,F,F
19304,F,F
19317,F,F
19330,F,F
19340,F,F
1935,F,F
19350,F,F
19352,F,F
19356,F,F
19369,T,T
19385,F,F
19387,F,F
19390,F,F
19394,F,F
19399,F,F
19406,T,T
19407,F,F
19408,F,F
19416,F,F
19422,F,F
19423,F,F
19424,F,F
19430,F,F
19434,T,T
19440,F,F
19441,T,T
19455,F,F
19467,T,T
19473,F,F
19487,F,F
1949,F,F
19497,T,T
19499,F,F
1950,F,F
19506,F,F
19517,F,F
19518,F,F
19520,T,T
19523,T,T
19530,F,F
1954,F,F
19545,F,F
1955,F,F
19563,F,F
19566,F,F
19573,F,F
19576,F,F
19583,F,F
19586,F,F
19590,F,F
19596,F,F
196,F,F
19602,F,F
19617,F,F
19620,F,F
19628,F,F
19635,F,F
19638,F,F
1964,T,T
19647,F,F
19653,F,F
19693,F,F
19700,F,F
19701,T,T
19710,T,T
19720,F,F
19725,F,F
19731,F,F
19735,F,F
19744,F,F
19746,F,F
19748,F,F
19756,F,F
19765,F,F
19769,T,T
19795,T,T
19803,F,F
19807,T,T
19814,F,F
19820,F,F
19826,F,F
19832,F,F
19851,F,F
19865,T,T
19867,T,T
19869,F,F
19880,F,F
19889,F,F
19896,F,F
19902,F,F
19903,F,F
1991,F,F
19912,F,F
19914,T,T
19919,T,T
19929,F,F
19941,F,F
19945,T,T
19947,F,F
19959,F,F
19961,F,F
19978,F,F
19981,F,F
19986,F,F
19991,F,F
19995,F,F
20002,F,F
20012,F,F
20018,F,F
20021,F,F
20024,F,F
20026,F,F
20033,T,T
20039,F,F
20041,T,T
20045,T,T
20049,T,F
20052,F,F
20062,F,F
20065,F,F
20066,F,F
20067,F,F
20068,F,F
20069,T,T
20075,F,F
20094,F,F
20113,F,F
20117,F,F
20131,F,F
20136,F,F
20140,T,T
20147,F,F
20155,F,F
20161,F,F
20178,F,F
20179,F,F
20180,F,F
20190,T,T
20196,T,T
20198,F,F
20201,T,T
20204,F,F
20205,F,F
20214,F,F
20225,F,F
20226,F,F
20230,F,F
20235,T,T
20241,F,F
20250,F,F
20254,F,F
20258,F,F
20276,F,F
20277,F,F
20279,F,F
20282,F,F
20283,T,T
20289,F,F
20292,T,T
20293,T,T
20299,F,F
20312,F,F
20320,F,F
20327,T,T
20329,T,T
20331,F,F
20333,F,F
20347,F,F
20348,T,T
20353,T,T
20366,F,F
20371,F,F
20376,F,F
20380,F,F
20390,F,F
20392,F,F
20417,F,F
20420,F,F
20432,F,F
20434,F,F
20437,F,F
20444,T,T
20451,F,F
20454,T,T
20458,T,T
20461,F,F
20464,T,T
20471,T,T
20476,T,T
20480,T,T
20485,T,T
20487,T,T
20490,T,T
20504,T,T
20505,T,T
20508,F,F
20515,T,T
20519,T,T
20524,T,T
20547,F,F
20550,T,T
20557,T,T
20558,T,T
20560,F,F
20582,F,F
20585,T,T
20586,F,F
20594,F,F
2062,T,T
20627,F,F
20630,T,T
20642,F,F
20655,F,F
20657,F,F
20659,T,T
20660,F,F
20661,T,T
20670,F,F
20671,F,F
20672,F,F
20673,F,F
20674,F,F
20676,F,F
20686,F,F
20687,F,F
20694,T,T
20696,F,F
20720,F,F
20727,F,F
20736,F,F
20740,F,F
20741,F,F
20745,F,F
20752,T,T
20758,F,F
20767,F,F
20769,F,F
20772,F,F
20777,T,T
20778,F,F
20779,F,F
20786,F,F
20787,F,F
20788,T,T
208,F,F
20808,F,F
20811,T,T
20815,F,F
20816,F,F
20819,F,F
20822,F,F
20823,F,F
20827,F,F
20833,F,F
20835,F,F
20855,F,F
20857,F,F
20864,F,F
20871,F,F
20881,F,F
20888,F,F
20899,F,F
20900,F,F
20902,T,T
20911,F,F
20913,F,F
20929,F,F
20930,F,F
20934,F,F
211,F,F
2116,F,F
2121,F,F
21241,T,T
21249,T,T
21250,T,T
2126,F,F
21270,F,F
21280,F,F
21285,T,T
21296,F,F
21319,F,F
21327,F,F
21328,F,F
21329,T,T
21339,F,F
2134,T,T
21352,T,T
21353,F,F
21359,F,F
21370,T,T
21376,T,T
21390,F,F
21398,F,F
2140,F,F
21406,F,F
21412,F,F
21414,T,T
21417,F,F
21421,T,T
21422,T,T
21428,F,F
21429,T,T
21430,T,T
21432,T,T
21437,T,T
21439,F,F
21443,T,T
21444,T,T
21449,F,F
21454,F,F
21459,F,F
21464,F,F
2148,F,F
21481,T,T
21489,F,F
21504,T,T
21505,F,F
21508,F,F
21520,F,F
21521,T,T
21547,F,F
21558,T,T
21559,F,F
21565,T,T
21573,F,F
21576,F,F
21581,F,F
21582,F,F
21586,F,F
21588,F,F
21599,F,F
21602,T,T
21614,F,F
21615,T,T
21618,F,F
21619,F,F
21627,F,F
21628,F,T
21633,F,F
21634,F,F
21638,F,F
21642,F,F
21654,T,T
21660,F,F
2167,F,F
2168,F,F
21691,T,T
2170,F,F
21700,F,F
21724,F,F
21728,T,T
21730,F,F
21733,T,T
21739,F,F
21745,T,T
21769,F,F
21773,T,T
21775,T,T
21779,T,T
21790,F,F
21791,F,F
218,F,F
21811,F,F
21815,F,F
21828,T,T
21833,F,F
21847,F,F
2186,F,F
21867,F,F
21877,T,T
21880,F,F
21883,T,T
219,F,F
21902,F,F
21908,F,F
2191,F,F
21913,T,T
21916,T,T
21920,F,F
21926,F,F
21940,F,F
21944,F,F
21960,F,F
21964,T,T
21966,F,F
21991,F,F
21992,F,F
2201,F,F
22027,F,F
22036,F,F
22040,F,F
22052,F,F
22055,F,F
22068,F,F
22076,F,F
22079,F,F
22091,F,F
22103,F,F
22123,F,F
22128,F,F
22132,F,F
22140,F,F
22142,F,F
22145,F,F
22166,F,F
22173,F,F
22183,F,F
22189,F,F
22196,F,F
22219,F,F
22224,T,T
22225,F,F
22229,T,T
2223,T,T
22239,F,F
22253,T,T
22263,T,T
22271,F,F
22272,F,F
22276,F,F
2228,F,F
22290,T,T
223,F,F
22307,F,F
22308,F,F
22319,T,T
22332,F,F
22337,F,F
22348,F,F
22356,F,F
22359,F,F
22360,F,F
22371,F,F
22373,T,T
22387,F,F
22388,F,F
22400,F,F
22407,F,F
22409,F,F
22414,F,F
22417,T,T
22431,T,T
22437,F,F
22439,F,F
22440,F,F
22443,F,F
22447,F,F
22460,F,F
22461,T,T
22463,F,F
22466,F,F
22469,F,F
22470,T,T
22474,F,F
22489,F,F
22490,F,F
22494,T,T
225,F,F
22504,F,F
22505,F,F
22507,F,F
22511,F,F
22516,F,F
22517,T,T
22518,F,F
22532,F,F
22533,F,F
22539,F,F
22540,F,F
22542,F,F
2255,F,F
22560,F,F
22567,F,F
22569,F,F
22579,T,T
22580,F,F
22583,F,F
22585,F,F
22587,F,F
22588,F,F
22599,F,F
22602,F,F
22604,F,F
22607,T,T
22617,F,F
22628,T,T
22636,F,F
22654,F,F
22656,F,F
22663,F,F
22678,T,T
22684,F,F
22687,F,F
22690,F,F
22694,F,F
22697,F,F
22698,F,F
22705,T,T
22706,F,F
2271,F,F
22711,F,F
22714,F,F
22719,T,T
2272,F,F
22721,F,F
2273,F,F
22740,F,F
22744,F,F
22754,F,F
22759,F,F
22773,T,T
22778,F,F
22779,F,F
22785,F,F
22786,F,F
22788,F,F
22796,F,F
22799,F,F
22800,F,F
2281,F,F
22816,F,F
22823,F,F
22838,T,T
22842,F,F
22843,F,F
22846,F,F
22851,F,F
22857,F,F
2286,T,T
22864,F,F
22865,F,F
22873,F,F
22876,F,F
22877,F,F
22883,F,F
22886,T,T
22887,F,T
22888,F,F
22893,F,F
22895,F,F
22900,T,T
22911,F,F
22924,F,F
22942,F,F
2295,F,F
22968,F,F
22975,F,F
2299,F,F
22995,F,F
22998,F,F
23014,F,F
23020,F,F
23033,F,F
23039,F,F
2304,T,T
23045,F,F
23048,F,F
23058,F,F
2306,F,F
23060,F,F
23063,T,T
23079,F,F
23080,F,F
23081,F,F
23083,F,F
23084,F,F
23093,T,T
23094,F,F
23107,F,F
23114,F,F
23142,F,F
23146,F,F
23150,F,F
23163,F,F
23174,F,F
23176,F,F
23178,F,F
2318,F,F
23181,F,F
232,F,F
23205,F,F
23207,F,F
23220,F,F
23223,F,F
23225,T,T
23236,F,F
23242,F,F
23251,F,F
23254,F,F
23263,F,F
23285,T,T
23286,F,F
23289,F,F
23290,F,F
23301,F,F
23309,F,F
23312,F,F
23326,F,F
23339,F,F
23343,F,F
23347,F,F
23354,F,F
23357,F,F
23365,F,F
23371,F,F
23373,F,F
23378,F,F
23381,F,F
23382,F,F
23385,F,F
23387,F,F
23403,F,F
23416,F,F
23423,F,F
23435,F,F
23440,F,F
23445,F,F
23446,F,F
2345,F,F
23451,F,F
23452,F,F
23459,F,F
23460,F,F
23462,F,F
23474,F,F
23480,T,T
23484,T,T
23502,F,F
23515,F,F
23522,F,F
23538,F,F
23547,F,F
23555,F,F
23570,F,F
23573,F,F
23574,F,F
23576,F,F
23579,F,F
23581,T,T
23588,F,F
23594,F,F
23607,F,F
23608,F,F
23612,F,F
23621,F,F
23630,F,F
23633,F,F
23638,F,F
23646,T,T
23655,T,T
23657,F,F
23658,F,F
23660,F,F
23663,T,T
23668,F,F
23670,F,F
23676,F,F
23683,F,F
23688,F,F
23689,F,F
23697,F,F
237,F,F
2370,F,F
23700,F,F
23704,F,F
23710,F,F
23714,T,T
23724,F,F
23728,T,T
23730,F,F
23733,F,F
23738,F,F
23741,F,F
23744,F,F
2375,F,F
23756,F,F
23759,F,F
23786,T,T
23800,T,T
23805,F,F
23807,F,F
23827,F,F
23831,F,F
23832,T,T
23848,F,F
23851,F,F
23863,F,F
23865,F,F
23868,F,F
23872,T,T
23873,F,F
23875,T,T
23878,T,T
23879,F,T
23882,T,T
23883,F,F
23885,F,F
23898,F,F
23905,F,F
23909,F,F
23911,F,F
23916,F,F
23917,T,T
23919,F,F
23920,F,F
23923,F,F
23925,F,F
23931,F,F
23935,F,F
23943,F,F
23948,F,F
23969,F,F
23973,T,T
23975,T,T
23976,F,F
23977,F,F
23991,F,F
23997,F,F
24002,F,F
24006,F,F
24024,F,F
24028,F,F
24039,F,F
24041,F,F
24044,F,F
24055,F,F
24058,F,T
24070,F,F
24080,F,F
24082,F,F
24089,F,F
24090,F,F
24091,F,F
24104,F,F
24114,F,F
24127,F,F
24139,T,T
24148,T,T
24154,F,F
24158,T,T
24172,F,F
242,F,F
2420,F,F
24211,T,T
24218,F,F
24220,F,F
24228,T,T
2423,F,F
2424,F,F
24245,F,F
24247,F,F
24248,F,F
24250,F,F
24257,F,F
24259,F,F
24269,F,F
2427,F,F
24272,F,F
24291,F,F
24292,F,F
24295,F,F
243,F,F
24301,F,F
24313,F,F
24325,F,F
24328,F,F
24338,F,F
24341,T,T
24354,T,T
24356,F,F
24363,F,F
24368,F,F
2437,F,F
24378,T,T
24383,F,F
24397,F,F
24398,F,F
2440,F,F
24410,F,F
24415,F,F
24420,F,F
24436,F,F
24441,F,F
24446,F,F
24450,F,F
24471,T,T
24478,F,F
2448,T,T
24487,F,F
24491,T,T
24492,T,T
24495,F,F
24504,F,F
24508,T,T
24510,T,T
24517,F,F
24522,F,F
24524,T,T
24525,T,T
24540,F,F
24565,T,T
24566,F,F
24572,F,F
24581,F,F
24583,F,F
24588,F,F
24590,F,F
24592,F,F
246,F,F
24602,F,F
24604,F,F
24610,F,F
24616,F,F
24622,T,T
24627,T,T
24630,T,T
24634,F,F
24635,F,F
24637,F,F
24638,T,T
24643,F,F
24646,F,F
24648,F,F
2465,T,T
24659,F,F
24663,F,F
24664,F,F
24666,F,F
24669,T,T
24672,F,F
24675,F,F
24677,F,F
2468,F,F
24692,T,T
24696,F,F
24697,F,F
2470,F,F
24700,F,F
24701,F,F
24704,F,F
24710,F,F
24730,F,F
24731,F,F
24738,F,F
24740,F,F
24756,F,F
24773,F,F
24775,F,F
24782,F,F
24783,F,F
24784,F,F
24787,F,F
24797,F,F
248,F,F
24807,F,F
24819,F,F
24825,F,F
24828,T,T
24830,F,F
24832,F,F
2484,F,F
24841,F,F
24845,F,F
24856,F,F
24862,F,F
24864,F,F
2487,F,F
24872,F,F
24873,F,F
24885,F,F
24887,F,F
249,F,F
24904,F,F
24906,T,T
24913,F,F
24915,F,F
24921,F,T
2493,F,F
24948,F,F
2495,F,F
24960,F,F
24962,T,T
24976,F,F
24979,F,F
2498,T,T
24986,F,T
24987,T,T
24989,F,T
24997,T,T
25010,F,F
25031,F,F
25044,F,F
25047,F,F
25054,F,F
25058,T,T
25062,T,T
25076,F,F
25089,F,F
25095,F,F
25096,F,F
25104,T,T
25109,F,F
25116,F,F
25123,F,F
25136,F,F
25139,F,F
25142,F,F
25148,F,F
25149,T,T
25160,F,F
25177,F,F
25178,F,F
25180,T,T
25184,F,F
25202,F,F
2521,T,T
25212,F,F
25219,F,F
2523,F,F
25234,T,T
25255,T,T
25260,F,F
25262,T,T
25265,F,F
25274,F,F
25275,F,F
25276,F,F
25277,F,F
25289,F,F
25294,F,F
25295,F,F
25312,F,F
25315,F,F
25322,F,F
25332,F,F
25339,F,F
25341,F,F
25355,F,F
25358,T,T
25366,T,T
25368,T,T
25372,F,F
25390,T,T
25396,T,T
254,F,F
25406,T,T
25422,T,T
25432,F,F
25447,T,T
25448,F,F
25449,F,F
25451,F,F
25452,F,F
25455,F,F
25460,F,F
25462,F,F
25468,F,F
25481,T,T
25487,F,F
25489,F,F
25491,T,T
255,F,F
25501,T,T
25518,F,F
25521,F,F
25553,F,F
25556,F,F
25565,F,F
25567,F,F
25575,F,F
25578,F,F
2558,F,F
25594,F,F
25596,F,F
256,F,F
25604,T,T
25605,F,F
25608,F,F
25609,F,F
25615,F,F
25621,F,F
25624,F,F
25625,F,F
25633,T,T
25637,F,F
25648,F,F
25674,F,F
25675,T,T
25678,F,F
25697,T,T
25699,F,F
25700,T,T
25718,T,T
25720,T,T
25729,F,F
25750,F,F
25752,T,F
25759,T,T
25771,F,F
25777,T,T
25778,F,F
25786,T,T
25789,F,F
25797,T,T
25798,F,F
25806,T,T
25812,T,T
25820,F,F
25827,F,F
2583,F,F
25837,T,T
25843,F,F
25853,T,T
25855,T,T
25858,T,T
25865,T,T
25873,F,F
25878,F,F
25883,T,T
25890,F,F
25891,F,F
25895,F,F
25896,F,F
259,F,F
25900,F,F
25908,F,F
25921,F,F
25930,F,F
25938,F,F
25946,F,F
25950,T,T
25951,T,T
25954,F,F
25961,F,F
25964,F,F
25969,F,F
25987,F,F
26015,F,F
26029,F,F
2603,F,F
26034,F,F
26037,F,F
26041,T,T
26046,F,F
26058,F,F
26068,F,F
26069,F,F
26077,T,T
26081,F,F
26090,F,F
26099,F,F
26100,F,F
26105,F,F
26111,F,F
26127,F,F
26131,F,F
26136,F,F
26146,F,F
26159,F,F
26163,F,F
26164,F,F
26168,F,F
26173,F,F
26183,F,F
26186,T,T
26189,T,T
26190,F,F
26192,F,F
26196,F,F
26209,T,T
26210,T,T
26218,F,F
26222,F,F
26226,F,F
26230,F,F
26235,F,F
26236,T,T
26238,F,F
26239,F,F
26244,F,F
26245,F,F
26250,F,F
26258,F,F
26264,F,F
26274,F,F
26286,F,F
26290,F,F
26292,F,F
26294,F,F
26302,F,F
26305,T,T
26318,T,T
2632,F,F
26320,F,F
26322,F,F
26323,F,F
26325,F,F
26330,F,F
26341,F,F
26364,F,F
26365,T,T
26405,T,T
26412,F,F
26416,T,T
26423,F,F
26431,T,T
26438,T,T
26439,F,F
26444,T,T
26449,F,F
26455,F,F
26497,T,T
26498,F,F
26504,F,F
26513,F,F
26520,T,T
26524,T,T
26525,T,T
26548,F,F
26553,F,F
26555,T,T
26567,F,T
2657,F,F
26584,F,F
2659,F,F
26602,F,F
26603,F,F
26604,F,F
26605,F,F
26608,F,F
26615,F,F
26616,F,F
26617,F,F
26637,F,F
26642,F,F
26645,F,F
26654,T,T
26661,F,F
26664,T,T
26668,F,F
26672,T,T
26673,F,F
26679,T,T
26688,T,T
26690,F,F
26708,F,F
2671,F,F
26714,F,F
26719,F,F
26722,F,F
26732,F,F
26738,F,F
26740,T,T
26753,F,F
26759,F,F
26766,F,F
26773,F,F
26774,F,F
26781,F,F
26782,F,F
26789,T,T
26790,F,F
26802,F,F
26806,F,F
26812,F,F
26823,F,F
26838,F,F
26843,F,F
26845,F,F
26848,F,F
2685,F,F
26850,F,F
26853,F,F
2686,T,T
26865,F,F
26868,F,F
26873,F,F
26881,F,F
26885,F,F
26898,F,F
26899,F,F
26901,F,F
26906,T,T
26909,T,T
26917,F,F
26923,F,F
26924,F,F
2693,F,T
26936,F,F
26940,F,F
26943,F,F
2696,F,F
26978,F,F
26982,F,F
26990,F,F
26993,F,F
26994,F,F
26997,F,F
26999,F,F
27000,T,T
27006,F,F
27007,F,F
27018,T,T
2702,F,F
27036,F,F
27037,F,F
27038,F,F
27042,F,F
27047,F,F
27065,F,F
27069,F,F
27074,F,F
27077,F,F
27078,F,F
27081,F,F
27088,F,F
27090,F,F
27096,T,T
271,F,F
27109,F,F
27111,T,T
27119,T,T
27128,T,T
27129,F,F
27138,T,T
27141,F,F
27148,F,F
2715,F,F
27152,T,T
27163,F,F
27165,F,F
27174,T,T
27185,F,F
27188,T,F
27192,T,T
27193,F,F
27196,F,F
27202,T,T
27204,F,F
27207,F,F
2721,F,F
27212,T,T
27219,T,T
27235,F,F
27237,F,F
27241,T,T
27243,T,T
27260,F,F
27270,F,F
27271,F,F
27275,F,F
27279,F,F
27280,F,F
27284,F,F
27293,T,T
27296,T,T
27299,F,F
27312,F,F
27319,F,F
2732,F,F
27327,F,F
27329,T,T
27332,F,F
27337,F,F
27342,F,F
2735,F,F
27359,F,F
27361,F,F
27362,F,F
27363,F,F
27367,F,F
27368,F,F
27384,F,F
27386,T,T
27394,F,F
27397,F,F
27399,T,T
27408,T,T
27412,T,T
27413,F,F
27415,F,F
27416,F,F
27420,F,F
27421,T,T
27427,F,F
27428,F,F
27433,F,F
27441,F,F
27445,F,F
27448,F,F
27452,F,F
27462,F,F
27463,F,F
27485,F,F
27487,F,F
27491,F,F
27493,F,F
27494,F,F
27505,F,F
27515,F,F
27516,F,F
27519,F,F
27523,F,F
27525,F,F
27533,F,F
27549,F,F
27551,F,F
27558,F,F
27561,F,F
27562,F,F
27584,T,T
27592,T,T
27597,F,F
27599,F,F
27601,T,T
27605,T,T
27628,F,F
27631,T,T
27636,F,F
27645,F,F
27647,F,F
27649,F,F
27655,T,F
27658,F,F
27664,F,F
27670,F,F
27675,F,F
27700,T,T
27703,T,T
27751,F,F
27757,T,T
27758,T,T
27761,F,F
27773,F,F
27800,F,F
27810,F,F
27816,T,T
27825,F,F
27829,T,T
27833,T,T
27838,F,F
27841,T,T
27843,T,T
27857,T,T
27858,F,F
27878,T,T
279,F,F
27901,F,F
27908,F,F
27917,F,F
27921,T,T
27929,T,T
27931,F,F
27933,F,F
27939,F,F
2794,F,F
27941,T,T
27945,T,T
27947,T,T
27948,F,F
27959,F,F
2796,T,T
27966,F,F
27967,F,F
27968,T,T
27969,F,F
27970,F,T
27971,T,T
27977,F,F
27980,T,T
27983,F,F
28003,F,F
28006,F,F
28013,F,F
28040,F,F
28054,F,F
28055,T,T
28067,F,F
28068,F,F
28070,F,F
28071,F,F
28075,T,T
28080,F,F
28084,F,F
28086,F,F
2809,F,F
28096,F,F
28100,F,F
28110,F,F
28114,F,F
28115,F,F
28121,F,F
28129,F,F
28131,F,F
28135,F,F
28139,F,F
28143,F,F
28153,F,F
28162,F,F
28169,F,F
28194,F,F
28195,F,F
282,F,F
28204,T,T
28213,F,F
28215,F,F
28219,T,T
28238,F,F
2824,F,T
28242,T,T
28255,T,T
2827,F,F
28273,F,F
28284,F,F
28291,F,F
28304,F,F
28313,F,F
28334,F,F
28336,F,F
28367,F,F
28368,F,F
28372,F,F
28383,F,F
28388,T,T
28389,F,F
2839,F,F
28393,T,T
28399,T,T
28404,F,F
28406,T,T
28407,F,F
28411,T,T
28416,F,F
28419,F,F
28422,F,F
28428,T,T
28430,F,F
28432,F,F
28437,T,T
28447,F,F
2845,F,F
28460,T,T
28463,F,F
28467,F,F
28480,T,T
28482,F,F
28483,F,F
28486,F,F
28488,F,F
28492,T,T
28498,T,T
28500,F,F
28503,T,T
28508,F,F
28513,F,F
28524,T,T
28529,F,F
28544,F,F
28545,T,T
28549,F,F
28567,F,F
2857,T,T
28573,F,F
28575,T,T
28577,F,F
28578,T,T
28579,F,F
28583,T,T
2859,F,F
28590,F,F
28592,F,F
28597,F,F
28640,F,F
28643,F,F
28647,F,F
28656,F,F
28661,F,F
28671,T,T
28687,T,T
28688,F,F
28689,F,F
28698,T,T
28702,T,T
28712,F,F
28714,T,T
28718,F,F
28726,F,F
28729,F,F
28730,F,F
28738,T,T
28745,T,T
28746,F,F
28757,F,F
28761,F,F
28772,F,F
28776,T,T
28780,F,F
28788,F,F
28789,T,T
28790,F,F
28792,F,F
28794,T,T
28795,F,F
28799,T,T
28801,T,T
28803,F,F
28808,F,F
28810,F,F
28812,F,F
28815,F,F
28821,F,F
28823,F,F
28824,F,F
28826,F,F
28833,F,F
2884,T,T
28841,F,F
28843,T,T
28845,F,F
28846,F,F
28858,F,F
28863,F,F
28864,F,F
28867,T,T
28869,T,T
28878,F,F
28886,F,F
28891,F,T
28903,F,F
28921,F,F
28924,F,F
28929,F,F
28930,F,F
28932,F,F
28939,F,F
28942,F,F
28972,F,F
28978,F,F
28999,F,F
29003,F,F
29006,F,F
2901,T,T
29031,F,T
29034,F,F
29044,F,F
29046,F,F
29069,F,F
29091,F,F
291,F,F
2910,F,F
29102,T,T
29108,F,F
2911,F,F
29110,F,F
29112,F,F
2912,F,F
29125,F,F
29128,F,F
29135,F,F
29138,F,F
29154,F,F
29162,T,T
29165,F,F
29171,F,F
29176,F,F
29177,F,F
29179,F,F
29182,F,F
29187,F,F
29188,F,F
29189,F,F
2920,F,F
29200,F,F
29222,T,T
29230,F,F
2924,F,F
29257,F,F
29258,F,F
29270,F,F
29280,T,T
29289,F,F
29291,F,F
29296,F,F
293,F,F
2930,T,T
29300,F,F
29318,F,F
29321,F,F
2935,F,F
29353,F,F
29358,F,F
29371,F,F
2938,F,F
29395,F,F
29416,F,F
29434,T,T
29476,F,F
29500,F,F
29502,F,F
29531,F,F
29554,F,F
29569,T,T
29570,F,F
29575,F,F
29583,F,F
29588,T,T
29593,F,F
29595,F,F
29598,T,T
29600,F,F
29601,T,T
29603,F,F
29609,T,T
2962,F,F
29620,F,F
29628,F,F
29629,F,F
29639,T,T
29645,F,F
29651,T,T
29659,F,F
2966,F,F
29661,F,F
29666,T,T
29674,T,T
29678,F,F
2968,F,F
29685,F,F
29687,F,F
29688,F,F
29706,F,F
29708,T,T
29710,F,F
29712,F,F
29728,F,F
29738,F,F
29767,F,F
29776,T,T
29783,T,F
2980,F,F
2981,F,F
29816,T,T
29818,F,F
29819,T,T
2982,T,T
29833,T,F
29840,F,F
29842,F,F
29887,F,F
29888,T,T
29889,F,F
29893,F,F
29898,T,T
29927,F,F
29933,F,F
2994,F,F
29946,T,T
29949,T,T
29963,F,F
29970,T,T
29984,T,T
29990,F,F
30,F,F
30006,F,F
30007,F,F
30011,T,T
30014,F,F
30015,F,F
30017,F,F
30025,F,F
30028,F,F
30042,T,T
30049,T,T
3005,F,F
3006,F,F
30064,F,F
30069,T,T
30072,F,F
30075,F,F
30085,F,F
30086,T,T
30087,F,F
3010,T,T
30120,T,T
30121,F,F
30125,F,F
30133,T,T
30134,F,F
30141,T,T
30148,F,F
30154,T,T
30167,F,F
30173,F,F
30174,T,T
30175,F,F
30182,F,F
30186,F,F
30189,T,T
30191,F,F
30202,T,T
30205,F,F
30211,F,F
30215,F,F
30219,T,T
30221,F,F
30223,T,T
30230,F,F
30246,T,T
30256,T,T
30267,F,F
30277,F,F
30286,F,F
30289,F,F
30290,T,T
30298,F,F
30301,F,F
30303,F,F
30313,F,F
30314,F,F
30318,T,T
30325,F,F
30326,F,F
30336,T,T
30360,T,T
30377,F,F
30379,T,T
30410,F,F
30432,T,T
30436,F,F
30437,F,F
30439,F,F
30440,F,F
30452,F,F
30455,F,F
30464,F,F
30473,F,F
30483,F,F
30529,F,F
30539,F,F
30559,F,F
30560,F,F
30562,T,T
3057,F,F
30574,F,F
30581,F,F
30584,T,T
30600,T,T
30612,F,F
30616,F,F
30622,T,T
30633,F,F
3065,F,F
30654,F,F
30662,T,T
30678,F,F
30681,T,T
30689,F,F
30698,F,F
307,F,F
30721,F,F
30724,F,F
30727,F,F
30734,F,F
30743,F,F
30752,F,F
30754,F,F
30759,F,F
30786,F,F
30789,F,F
308,F,F
30800,T,T
30825,F,F
30869,F,F
30875,T,T
30878,F,F
30879,F,F
30886,T,T
30890,T,T
30891,T,T
30892,F,F
30894,F,F
30895,F,F
30896,T,T
3090,F,F
30900,F,F
30902,F,F
30904,T,T
30920,F,F
30928,T,T
30935,F,F
30941,T,T
30942,F,F
30945,F,F
3095,T,T
30953,T,T
31001,F,F
31008,F,F
31025,T,T
31026,T,T
31056,F,F
31093,F,F
31120,F,F
3117,T,T
31194,F,F
31216,F,F
3123,F,F
31231,F,F
31232,T,T
31249,F,F
3129,F,F
3132,F,F
3146,F,F
3152,F,F
3157,T,T
3158,T,T
3163,T,T
3164,F,F
3166,T,T
318,F,F
319,F,F
3196,F,F
3217,T,T
3235,F,F
3243,F,F
325,F,F
3251,F,F
3266,F,F
3270,F,F
3278,T,T
328,F,F
3280,F,F
3282,T,T
3291,T,T
3301,F,F
3306,F,F
3310,T,T
3314,F,F
3329,F,F
3331,F,F
3332,F,F
3333,F,F
3350,F,F
3354,T,T
3355,T,T
336,F,F
337,F,F
3381,F,F
3386,T,T
3388,F,F
3393,F,F
3395,T,T
3397,F,F
3409,F,F
3429,T,T
3430,F,F
3439,F,F
3442,F,F
3455,F,F
3472,T,T
3474,F,F
3476,F,F
3499,F,F
3532,F,F
3537,F,F
3549,F,F
3567,F,F
358,F,F
36,F,F
3608,F,F
3613,F,F
3628,F,F
3629,T,T
3635,F,F
364,F,F
3649,F,F
3661,F,F
3664,F,F
3669,F,F
3672,T,T
369,F,F
370,F,F
3705,F,F
3707,F,F
3710,T,T
3715,T,T
3716,T,T
3720,T,T
3728,T,T
3730,F,F
3731,F,F
3734,F,T
3748,F,F
3753,F,F
3755,F,F
3761,F,F
3765,T,T
3766,F,F
3770,T,T
3776,F,F
3777,F,F
3779,F,F
3783,F,F
3786,F,F
3790,F,F
3791,F,F
3793,T,T
3797,F,F
3804,F,F
3817,T,T
3828,F,F
3845,F,F
386,F,F
3861,F,F
3872,F,F
3873,F,F
3874,F,F
3879,F,F
3880,T,T
3881,F,F
3908,T,T
3913,T,T
3941,F,F
3957,F,F
3967,F,F
3970,F,F
3971,F,F
3972,F,F
3985,F,F
399,F,F
3991,F,F
3993,F,F
4004,T,T
4010,T,T
4012,F,F
4014,F,F
4017,F,F
4034,T,T
4039,F,F
4043,F,F
4045,F,F
4053,F,F
4058,F,F
4068,T,T
4075,F,F
4076,T,T
408,F,F
4081,F,F
4083,F,F
4089,T,T
409,F,F
4094,F,F
4098,F,F
4099,F,F
4103,T,T
4105,T,T
4107,T,T
4119,F,F
4121,T,T
4129,F,F
4135,T,T
4144,F,F
4150,F,F
4159,F,F
4162,T,T
4169,F,F
4184,T,T
4192,F,F
4203,F,F
4206,F,F
4207,T,T
4209,F,F
4216,F,F
4229,F,F
423,F,F
4230,F,F
4231,F,F
424,F,F
4247,F,F
4248,T,T
4249,T,T
4257,F,F
4261,F,T
4274,F,F
4278,F,F
4281,T,T
4283,F,F
4287,F,F
4289,T,T
4293,F,F
4298,F,F
4299,F,F
430,F,F
4301,F,F
4302,F,F
4303,F,F
4309,T,T
431,F,F
4310,T,T
4315,F,F
4325,F,F
4332,T,T
4347,F,F
4348,F,F
4349,F,F
4351,F,F
4352,F,F
4358,F,F
4359,F,F
4371,F,F
4374,T,T
438,F,F
4381,F,F
4386,F,F
439,F,F
4405,F,F
4437,T,T
4443,T,T
4452,T,T
4458,T,T
4467,T,T
4473,F,F
4475,F,F
4477,F,F
4482,F,F
4503,F,F
4504,F,F
4510,T,T
4512,F,F
4515,F,F
4519,F,F
452,F,F
4522,F,F
4527,F,F
4529,F,F
4539,F,F
4544,F,F
4556,F,F
4559,T,T
456,F,F
4576,F,F
4579,F,F
4584,F,F
4594,T,T
4598,F,F
4617,F,F
4619,F,F
4629,F,F
463,F,F
4633,F,F
4642,F,F
4644,F,F
4665,F,F
467,F,F
468,F,F
4680,T,T
4685,F,F
4706,F,F
4744,T,T
4746,F,F
4748,F,F
475,F,F
4755,F,F
4767,T,T
4817,F,F
4830,F,F
486,F,F
487,F,F
491,F,F
4924,F,F
4928,F,F
493,F,F
4935,F,F
4952,F,F
4953,F,F
4954,F,F
4976,F,F
5003,F,F
5007,T,T
5021,F,F
503,F,F
5035,T,T
5036,F,F
504,F,T
5040,T,T
5043,T,T
5049,T,T
5054,F,F
5056,F,F
5067,F,F
507,F,F
5073,F,F
5076,F,F
5077,F,F
5078,F,F
5082,F,F
5088,F,F
5089,T,T
5091,T,T
5097,T,T
5098,F,F
51,F,F
510,F,F
5100,F,F
5103,F,F
5108,T,T
5115,F,F
5132,F,F
5133,F,F
5142,F,F
5165,F,F
5168,F,F
5197,T,T
520,F,F
5202,T,T
521,F,F
5215,F,F
5218,T,T
5228,T,T
5241,F,F
5252,T,T
527,F,F
5302,F,F
5308,T,T
5320,F,F
5344,F,F
536,F,F
537,F,F
5378,F,F
5417,F,F
5419,F,F
5428,F,F
543,F,F
5434,F,F
5442,F,F
5446,F,F
5448,F,F
5504,F,F
5506,F,F
5509,F,F
5515,F,F
5525,F,F
5533,T,T
558,F,F
5584,T,T
5591,F,F
5599,T,T
5610,F,F
5612,F,F
5628,F,F
563,F,F
5633,F,F
5638,T,T
564,F,F
5640,F,F
5686,F,F
57,F,F
5719,F,F
5723,F,F
573,F,F
5734,F,F
5749,F,F
5766,T,T
577,F,T
5776,F,F
5778,F,F
5783,F,F
5787,F,F
5817,T,F
5822,F,F
5824,F,F
5836,F,F
5837,F,F
584,F,F
5863,F,F
5900,F,F
591,F,F
592,F,F
5970,F,F
5973,F,F
5979,F,F
5981,T,T
5986,F,F
5987,F,F
60,F,F
6013,F,F
6028,F,F
603,F,F
6046,F,F
6047,T,T
6053,F,F
6055,F,F
6056,F,F
607,F,F
6075,F,F
6077,T,T
608,F,F
6088,F,F
610,F,F
6112,F,F
6118,F,F
613,F,F
614,F,F
6140,F,F
615,F,F
6150,T,T
6185,F,F
6214,F,F
6217,F,F
6260,F,F
6276,F,T
6282,F,F
629,F,F
6291,F,F
63,F,F
630,F,F
6303,T,T
631,F,F
632,F,F
6321,F,F
634,F,F
6342,F,F
6352,T,T
6365,F,F
637,F,F
6370,T,T
641,F,F
6416,F,F
6424,T,T
645,F,F
6484,F,F
6487,F,F
65,T,T
6500,F,F
6503,F,F
6510,F,F
6513,F,F
6528,F,F
655,F,F
6574,F,F
6582,F,F
6588,F,F
6598,F,F
6603,F,F
661,F,F
6612,F,F
6614,F,F
6615,F,F
6616,F,F
6617,F,F
6621,F,F
6626,F,F
6631,F,F
6642,T,T
6655,F,F
6656,T,T
666,F,F
6660,F,F
6661,T,T
6671,F,F
6683,F,F
6693,F,F
6713,T,T
6718,T,T
6729,F,F
6738,F,F
6740,F,F
6758,T,T
677,F,F
6774,F,F
6775,F,F
6777,F,F
6778,F,F
6779,F,F
6789,F,F
679,F,F
6795,F,F
6798,F,F
6799,F,F
680,F,F
6807,F,F
6822,T,T
6823,F,F
6838,T,T
6846,F,F
6849,F,F
6850,F,F
6863,F,F
6866,F,F
6869,F,F
6871,F,F
6872,F,F
6879,F,F
6881,T,T
6882,T,T
6884,F,F
6889,F,F
689,F,F
6893,F,F
6894,T,T
6895,T,T
6900,T,T
6908,F,F
6922,F,F
6925,T,T
6932,F,F
6946,F,F
6947,T,T
6948,T,T
6963,F,F
6972,T,T
6978,F,F
6981,F,F
6992,F,F
6996,F,F
6998,F,F
700,T,T
7005,F,F
7012,T,T
7014,T,T
7016,F,F
7018,F,F
702,T,T
7027,T,T
7029,T,T
7034,F,F
7035,F,T
7049,F,F
7051,F,F
7053,F,F
7054,F,F
7055,F,F
7060,T,T
7066,T,T
707,T,T
7078,F,F
7081,F,F
7084,F,F
7091,T,T
7093,F,F
7094,F,F
7096,F,F
71,F,F
7104,T,T
7106,F,F
7107,F,F
7110,F,F
713,T,T
7154,F,F
7155,T,T
7157,F,F
7160,F,F
7181,F,F
7193,F,F
72,F,F
720,F,F
7202,F,F
7216,F,F
7239,F,F
7260,F,F
7286,T,T
7287,F,F
7295,F,F
7310,F,F
7315,F,F
7330,T,T
7339,F,F
7359,T,T
7361,F,F
7368,T,T
738,F,F
7384,F,F
7415,F,F
7417,F,F
7422,F,F
7450,F,F
7453,F,F
7454,F,F
7456,F,F
7457,T,T
748,F,F
7483,F,F
7489,F,F
7501,F,F
7510,F,F
7517,T,T
7524,T,T
7537,F,F
756,F,F
76,F,F
7602,T,T
7611,F,F
7622,F,F
7627,F,F
7630,F,F
7631,F,F
7638,F,F
7649,F,F
7655,F,F
7671,F,F
7674,F,F
7682,F,F
7686,F,F
7693,F,F
7705,F,F
7729,F,F
7759,F,F
776,T,F
7761,F,F
779,T,T
7809,F,F
7810,T,T
7811,F,F
7822,F,F
7834,F,F
7841,F,F
7852,F,F
7854,F,F
7867,F,F
7881,F,F
7882,F,F
7915,F,F
795,F,F
796,F,F
7964,F,F
7972,F,F
8024,F,F
803,F,F
8046,T,T
8058,F,F
8083,F,F
8087,F,F
8098,F,F
8107,F,F
8111,F,F
8113,F,F
8114,F,F
8122,T,T
8141,F,F
8152,T,T
8154,F,F
8159,F,F
8161,F,F
8165,F,F
8171,T,T
8173,F,F
8176,F,F
8185,F,F
8191,T,T
8192,F,F
8195,F,F
8212,T,T
8220,F,F
8227,F,F
8230,F,F
8236,F,F
8239,F,F
8251,F,F
8256,F,F
8264,F,F
8273,F,F
8280,F,F
8300,T,T
8332,F,F
834,T,T
8343,F,F
8345,F,F
8363,T,T
8389,F,F
8392,F,F
8393,F,T
8431,F,F
8439,F,F
8451,F,F
8454,F,F
8461,F,F
8468,F,F
8487,F,F
8503,F,F
8519,F,F
8558,F,F
8560,F,F
8568,F,F
8572,F,F
8585,F,F
8603,F,F
8609,F,F
8610,T,T
8614,F,F
8625,F,F
8626,F,F
8643,F,F
8654,F,F
8676,T,T
8677,F,F
8681,F,F
8689,F,F
8692,F,F
8694,F,F
870,F,F
8717,F,F
8723,F,F
8734,F,F
8752,F,F
8765,T,T
8773,T,T
8780,F,F
8789,F,F
8801,F,F
8802,F,F
884,T,T
8857,F,F
8874,F,F
8916,F,F
8921,F,F
8924,F,F
8938,F,F
8950,F,F
8957,F,F
8965,F,F
8976,F,F
8985,T,T
8994,F,F
8995,F,F
9002,T,T
904,T,T
9057,T,T
906,F,F
9078,F,F
9122,T,T
914,F,F
9167,T,T
9197,F,F
9199,F,F
921,F,F
9219,T,T
9220,F,F
9228,F,F
9232,F,F
9240,F,F
9245,F,F
9259,F,F
9266,F,T
9270,F,F
9291,F,F
9295,F,F
9317,F,F
9320,F,F
9341,F,F
9358,F,F
9359,F,F
9368,F,F
9369,F,F
94,F,F
9409,F,F
9414,F,F
9421,F,F
9427,T,T
9428,F,F
9429,F,F
9439,F,F
9441,F,F
9455,F,F
946,F,F
9460,F,F
9481,F,F
9495,T,T
9507,F,F
9508,F,F
9526,F,F
9527,F,F
9530,F,F
9531,T,T
9536,F,F
9544,F,F
9555,F,F
9561,F,F
9562,F,F
9572,F,F
9576,T,T
9588,F,F
9593,F,F
9598,F,F
9607,F,F
9614,F,F
9615,F,F
9618,F,F
962,F,F
9623,F,F
9624,F,F
9627,F,F
9633,T,T
9645,F,F
9660,F,F
9669,F,F
968,F,F
9701,F,F
9728,T,T
9738,F,F
9745,F,F
9772,T,T
9791,F,F
9793,F,F
9802,F,F
9803,F,F
9806,T,T
9810,F,F
9816,T,T
9819,F,F
9821,T,T
9876,F,F
9890,F,F
9924,F,F
9936,F,F
9988,F,F
9994,T,T
